[{"model": "Courses.course", "pk": 1, "fields": {"course_number": "ENGR101", "course_name": "Engr_Fundamentals", "credits": 4.0, "department": 1, "college": 1, "course_description": "Engineering Fundamentals", "course_outcomes": "Learn a bunch of engineering stuff", "course_URL": "", "created_at": "2018-11-20T16:00:40.728Z", "created_by": 1, "edited_at": "2019-02-13T15:07:27.270Z", "prereqs": [4, 10, 14], "equivalencies": [17]}}, {"model": "Courses.course", "pk": 4, "fields": {"course_number": "ENGR114", "course_name": "Engr Programming", "credits": 4.0, "department": 1, "college": 1, "course_description": "Learn programming for engineers", "course_outcomes": "Programming\r\nMore programming", "course_URL": "www.pcc.edu", "created_at": "2018-11-20T16:00:40.728Z", "created_by": 1, "edited_at": "2019-02-16T21:44:28.475Z", "prereqs": [1, 7, 10, 14], "equivalencies": [21]}}, {"model": "Courses.course", "pk": 7, "fields": {"course_number": "ENGR262", "course_name": "Manufacturing Processes", "credits": 4.0, "department": 1, "college": 1, "course_description": "Manufacturing types", "course_outcomes": "1. Choose manufacturing types", "course_URL": "pcc.edu", "created_at": "2018-11-20T23:15:04.122Z", "created_by": 1, "edited_at": "2018-11-21T17:51:18.292Z", "prereqs": [4], "equivalencies": []}}, {"model": "Courses.course", "pk": 10, "fields": {"course_number": "ENGR105", "course_name": "Engr_Graphics 3-D", "credits": 3.0, "department": 1, "college": 1, "course_description": "A course OTHER STUFF", "course_outcomes": "Learn graphics and some other stuff", "course_URL": "", "created_at": "2018-11-21T17:28:38.633Z", "created_by": 1, "edited_at": "2019-02-13T15:57:19.753Z", "prereqs": [1, 4], "equivalencies": [26]}}, {"model": "Courses.course", "pk": 11, "fields": {"course_number": "ENGR211", "course_name": "Statics", "credits": 4.0, "department": 1, "college": 1, "course_description": "Stick balloons onto clowns", "course_outcomes": "Nothing will change", "course_URL": "", "created_at": "2018-11-21T17:39:36.191Z", "created_by": 1, "edited_at": "2018-11-21T22:38:21.194Z", "prereqs": [12, 13], "equivalencies": [20]}}, {"model": "Courses.course", "pk": 12, "fields": {"course_number": "ENGR212", "course_name": "Dynamics", "credits": 4.0, "department": 1, "college": 1, "course_description": "Play loud and play soft", "course_outcomes": "Everything will change", "course_URL": "", "created_at": "2018-11-21T17:40:29.379Z", "created_by": 1, "edited_at": "2019-02-13T16:01:59.204Z", "prereqs": [11], "equivalencies": [22]}}, {"model": "Courses.course", "pk": 13, "fields": {"course_number": "ENGR213", "course_name": "Strength of Materials", "credits": 4.0, "department": 1, "college": 1, "course_description": "Silk is strongest", "course_outcomes": "Learn about silk", "course_URL": "", "created_at": "2018-11-21T17:41:33.074Z", "created_by": 1, "edited_at": "2019-02-13T16:02:22.398Z", "prereqs": [11], "equivalencies": [23]}}, {"model": "Courses.course", "pk": 14, "fields": {"course_number": "ENGR221", "course_name": "Electric Circuits 1", "credits": 6.0, "department": 1, "college": 1, "course_description": "Zap yourself", "course_outcomes": "Learn where to travel, where to stay, etc.", "course_URL": "", "created_at": "2018-11-21T17:48:37.051Z", "created_by": 1, "edited_at": "2019-02-13T16:03:29.540Z", "prereqs": [1, 4], "equivalencies": [24]}}, {"model": "Courses.course", "pk": 15, "fields": {"course_number": "ENGR222", "course_name": "Electric Circuits 2", "credits": 5.0, "department": 1, "college": 1, "course_description": "Electricity, electricity", "course_outcomes": "When you're in the dark and you want to see", "course_URL": "", "created_at": "2018-11-21T17:49:32.963Z", "created_by": 1, "edited_at": "2019-02-13T16:03:44.767Z", "prereqs": [], "equivalencies": [25]}}, {"model": "Courses.course", "pk": 16, "fields": {"course_number": "ENGR231", "course_name": "Material Science", "credits": 4.0, "department": 1, "college": 1, "course_description": "Not the science of ghosts", "course_outcomes": "This stuff is important", "course_URL": "", "created_at": "2018-11-21T17:50:48.845Z", "created_by": 1, "edited_at": "2018-11-21T17:50:48.968Z", "prereqs": [], "equivalencies": []}}, {"model": "Courses.course", "pk": 17, "fields": {"course_number": "MIME101", "course_name": "Introduction to MIME", "credits": 3.0, "department": 3, "college": 2, "course_description": "Provides students with an overview of mechanical, industrial, manufacturing, and energy systems engineering careers and an introduction to technical areas of study. Skills necessary for success in both the academic curriculum and in the engineering profession will also be emphasized, including communication and ethics. Lec/rec.", "course_outcomes": "Learn stuff", "course_URL": "", "created_at": "2018-11-21T20:37:18.776Z", "created_by": 1, "edited_at": "2019-02-01T16:26:41.086Z", "prereqs": [], "equivalencies": [1]}}, {"model": "Courses.course", "pk": 20, "fields": {"course_number": "ENG 101", "course_name": "Basic English", "credits": 4.0, "department": 5, "college": 3, "course_description": "Learn english", "course_outcomes": "You will learn english", "course_URL": "www.english.com", "created_at": "2019-02-06T20:59:33.832Z", "created_by": 1, "edited_at": "2019-02-06T22:08:07.122Z", "prereqs": [21], "equivalencies": [11]}}, {"model": "Courses.course", "pk": 21, "fields": {"course_number": "ENG 103", "course_name": "Better English", "credits": 4.0, "department": 5, "college": 3, "course_description": "Learn English better than other people", "course_outcomes": "Speak French and Spanish", "course_URL": "", "created_at": "2019-02-07T05:30:27.188Z", "created_by": 1, "edited_at": "2019-02-07T05:33:40.136Z", "prereqs": [20], "equivalencies": [4]}}, {"model": "Courses.course", "pk": 22, "fields": {"course_number": "ENGR 212", "course_name": "Dynamics", "credits": 3.0, "department": 3, "college": 2, "course_description": "Kinematics, Newton's laws of motion, and work-energy and impulse-momentum relationships applied to engineering systems.", "course_outcomes": "Identify and apply kinematic and dynamic equations for a particle in Cartesian, cylindrical and spherical coordinates.\r\nApply methods of work-energy and impulse-momentum to describe the motion of a particle\r\nApply the parallel axis theorem to determine the moments of inertia of a body for specified axes\r\nApply relative motion concepts using translating and rotating reference frames for 2-dimensional systems\r\nApply Newton\u2019s equations to solve problems involving rigid bodies in plane motion\r\n Apply methods of work-energy and impulse-momentum to describe rigid body motion", "course_URL": "https://mime.oregonstate.edu/cd/engr-212-212h-dynamics", "created_at": "2019-02-13T15:38:58.919Z", "created_by": 1, "edited_at": "2019-02-13T15:38:59.032Z", "prereqs": [], "equivalencies": [12]}}, {"model": "Courses.course", "pk": 23, "fields": {"course_number": "ENGR 213", "course_name": "Strength of Materials", "credits": 3.0, "department": 3, "college": 2, "course_description": "Properties of structural materials; analysis of stress and deformation in axially loaded members, circular shafts, and beams, and in statically indeterminate systems containing these components.", "course_outcomes": "Understand and be able to work with the basic definitions of stress and strain\r\nUnderstand the relationships between working stress, material strength and safety factor\r\nUnderstand Mohr\u2019s circle and be able to determine principal stresses\r\nCalculate stresses for axial, torsion, bean bending, and combined loading\r\nBe able to draw shear and bending moment diagrams, and write beam equilibrium equations\r\nUnderstand the concepts underlying beam deflection and Euler buckling calculation", "course_URL": "https://mime.oregonstate.edu/cd/engr-213-strength-materials", "created_at": "2019-02-13T15:40:58.730Z", "created_by": 1, "edited_at": "2019-02-13T15:40:58.853Z", "prereqs": [], "equivalencies": [13]}}, {"model": "Courses.course", "pk": 24, "fields": {"course_number": "ENGR 201", "course_name": "Electrical Fundamentals", "credits": 3.0, "department": 3, "college": 2, "course_description": "All the fundamentals about electrical engineering", "course_outcomes": "When you're in the dark and you want to see...ELECTRICITY!", "course_URL": "https://media.oregonstate.edu/channel/ENGR+201+-+Electrical+Fundamentals+I/62973852", "created_at": "2019-02-13T15:43:27.500Z", "created_by": 1, "edited_at": "2019-02-13T15:43:27.644Z", "prereqs": [], "equivalencies": [14]}}, {"model": "Courses.course", "pk": 25, "fields": {"course_number": "ENGR 202", "course_name": "Orientation to Electrical Engineering ", "credits": 3.0, "department": 3, "college": 2, "course_description": "The ENGR202 lab focuses on development of fundamental AC concepts using hands-on learning. Topics such phase, maximum power transfer, and filters will be covered.", "course_outcomes": "When you're in the dark and you want to see...ELECTRICITY!", "course_URL": "http://eecs.oregonstate.edu/tekbots/courses/engr202", "created_at": "2019-02-13T15:54:27.642Z", "created_by": 1, "edited_at": "2019-02-13T15:54:27.746Z", "prereqs": [], "equivalencies": [15]}}, {"model": "Courses.course", "pk": 26, "fields": {"course_number": "ENGR 248", "course_name": "ENGINEERING GRAPHICS AND 3-D MODELING", "credits": 4.0, "department": 3, "college": 2, "course_description": "Introduction to graphical communication theory, including freehand sketching techniques, geometric construction, multi-view, pictorial, sectional and auxiliary view representation and dimensioning techniques. Practical application of theoretical concepts using solid modeling software to capture design intent and generate engineering drawings. Lec/Lab.", "course_outcomes": " The ability to describe and utilize both the scientific and empirical foundations for engineering design\r\n2.   An understand basic geometrical relationships; parallelism, perpendicularity, angularity, co-linearity and concentricity\r\n3.   Facility with the standard units of length used in industry, inches and millimeters, and expression of fractional and decimal values. Awareness of the uses of standard and nominal sizes in industrial literature\r\n4.   The ability to use industry-standard Computer Aided Design (CAD) software to model solid objects proceeding from basic sketching techniques to the creation of solid features through the use of extrusions, cuts, rotations, patterns and sweeps.\r\n5.   A methodical and progressive use of CAD functions to capture the design intent of the solid model and to utilize parametric modeling in the creation of a solid model that can evolve with the design process.\r\n6.    The ability to create and read engineering drawings using standard views, and both Conventional and Geometric Dimensioning and Tolerancing techniques to describe form, orientation and location accurately.", "course_URL": "https://mime.oregonstate.edu/cd/engr-248-engineering-graphics-and-3-d-modeling", "created_at": "2019-02-13T15:56:59.453Z", "created_by": 1, "edited_at": "2019-02-13T15:56:59.612Z", "prereqs": [], "equivalencies": [10]}}, {"model": "Courses.course", "pk": 27, "fields": {"course_number": "ENGR 112", "course_name": "INTRODUCTION TO ENGINEERING COMPUTING", "credits": 3.0, "department": 3, "college": 2, "course_description": "Systematic approaches to engineering problem solving using computers. Logical analysis, flow charting, input/output design, introductory computer programming and use of engineering software. Lec/lab/rec.", "course_outcomes": " Conceptually understand computer operations, file management, and numeric character, and Boolean data types\r\n\r\n2. Using the MATLAB high-level programming language, develop internally documented computer programs that utilize sequence, selection and repetition control structures and user-defined function\r\n\r\n3. Mathematically describe and solve engineering problems using vector and matrix operations\r\n\r\n4. Generate 2- and 3- dimensional plots to graphically display the solution of engineering problems\r\n\r\n5. Identify sources of computational error and examine the accuracy of numerical solutions", "course_URL": "https://mime.oregonstate.edu/cd/engr-112-112h-introduction-engineering-computing", "created_at": "2019-02-13T15:59:20.701Z", "created_by": 1, "edited_at": "2019-02-13T15:59:20.867Z", "prereqs": [], "equivalencies": []}}, {"model": "Courses.course", "pk": 28, "fields": {"course_number": "ENGR 112", "course_name": "INTRODUCTION TO ENGINEERING COMPUTING", "credits": 3.0, "department": 3, "college": 2, "course_description": "Systematic approaches to engineering problem solving using computers. Logical analysis, flow charting, input/output design, introductory computer programming and use of engineering software. Lec/lab/rec.", "course_outcomes": " Conceptually understand computer operations, file management, and numeric character, and Boolean data types\r\n\r\n2. Using the MATLAB high-level programming language, develop internally documented computer programs that utilize sequence, selection and repetition control structures and user-defined function\r\n\r\n3. Mathematically describe and solve engineering problems using vector and matrix operations\r\n\r\n4. Generate 2- and 3- dimensional plots to graphically display the solution of engineering problems\r\n\r\n5. Identify sources of computational error and examine the accuracy of numerical solutions", "course_URL": "https://mime.oregonstate.edu/cd/engr-112-112h-introduction-engineering-computing", "created_at": "2019-02-13T15:59:21.645Z", "created_by": 1, "edited_at": "2019-02-13T15:59:21.877Z", "prereqs": [], "equivalencies": []}}, {"model": "Courses.degree", "pk": 1, "fields": {"name": "AS_Mechanical_Engineering", "college": 1, "credits": 20.0, "reqcourses": []}}, {"model": "Courses.degree", "pk": 2, "fields": {"name": "BS_Mechanical_Engineering", "college": 2, "credits": 40.0, "reqcourses": []}}, {"model": "Courses.degree", "pk": 3, "fields": {"name": "BS_Mechanical_Engineering", "college": 3, "credits": 44.0, "reqcourses": []}}, {"model": "loginregister.college", "pk": 1, "fields": {"name": "Portland_Community_College", "city": "Portland"}}, {"model": "loginregister.college", "pk": 2, "fields": {"name": "Oregon_State_University", "city": "Corvallis"}}, {"model": "loginregister.college", "pk": 3, "fields": {"name": "Portland_State_University", "city": "Portland"}}, {"model": "loginregister.dept", "pk": 1, "fields": {"name": "Mechanical_Engineering", "college": 1}}, {"model": "loginregister.dept", "pk": 3, "fields": {"name": "Engineering_Sciences", "college": 2}}, {"model": "loginregister.dept", "pk": 5, "fields": {"name": "English", "college": 3}}, {"model": "loginregister.user", "pk": 1, "fields": {"first_name": "Bob", "last_name": "James", "username": "Bob", "email": "bob@bob.bob", "passwordhash": "$2b$12$oDOegypGrPkcIXFjxpb3te3Uc.RX8SyAPsr/s/Bh4UcZL930QpKea", "created_at": "2018-11-19T17:21:08.090Z", "updated_at": "2018-11-19T17:21:08.103Z", "colleges": [1, 2, 3]}}, {"model": "loginregister.user", "pk": 2, "fields": {"first_name": "Michael", "last_name": "Smith", "username": "michael", "email": "michael@smith.com", "passwordhash": "$2b$12$CKRtSxIBmmk8WVHxBcvevu7Ki1FhBnijDcCtD56ogAZqFwTteGN7S", "created_at": "2018-11-19T21:58:06.791Z", "updated_at": "2018-11-19T21:58:06.792Z", "colleges": [2]}}, {"model": "loginregister.user", "pk": 3, "fields": {"first_name": "John", "last_name": "Smithsom", "username": "john", "email": "js@smith.com", "passwordhash": "$2b$12$zu0ckrlXl08y2OSn3l3NT.qC18IMEBGuUBNtY5YcP4UEPIGrQYGti", "created_at": "2018-11-19T22:10:54.153Z", "updated_at": "2018-11-19T22:10:54.153Z", "colleges": [1]}}, {"model": "loginregister.user", "pk": 4, "fields": {"first_name": "Peter", "last_name": "Kazarinoff", "username": "peter.kazarinoff", "email": "peter.kazarinoff@pcc.edu", "passwordhash": "$2b$12$6O0VZJ2Co2o8vmCp.47f.e/x5qSA9NchK2KJOrNlaz6R7A935QeCm", "created_at": "2018-11-20T00:05:33.141Z", "updated_at": "2018-11-20T00:05:33.141Z", "colleges": []}}, {"model": "loginregister.user", "pk": 5, "fields": {"first_name": "Frank", "last_name": "Ocean", "username": "Frank", "email": "frank@costanza.com", "passwordhash": "$2b$12$u3IKu5Uv6kM6VZ2llj/JNeQk2Xohjyo/tB2ZBiytDPG67X2VlaxPm", "created_at": "2018-11-20T20:56:56.589Z", "updated_at": "2018-11-20T20:56:56.589Z", "colleges": []}}, {"model": "loginregister.user", "pk": 6, "fields": {"first_name": "Zach", "last_name": "Kazarinoff", "username": "zach", "email": "zdk9@yahoo.com", "passwordhash": "$2b$12$e0/T8qdhI2MJlCEAHmhyO.OHn1vP/DFjGAYT/I5poYECCHdGdMAw.", "created_at": "2019-01-31T22:53:38.591Z", "updated_at": "2019-01-31T22:53:38.591Z", "colleges": []}}, {"model": "loginregister.user", "pk": 7, "fields": {"first_name": "Jeff", "last_name": "Wade", "username": "jeff", "email": "jeff@JEFF.JEFF", "passwordhash": "$2b$12$5OBOy02uzB5Lik3rVXnOruPcDtIztvvAc0Jjfcu7CIdB72nNxASsa", "created_at": "2019-02-01T15:44:16.635Z", "updated_at": "2019-02-01T15:44:16.635Z", "colleges": []}}, {"model": "loginregister.user", "pk": 8, "fields": {"first_name": "Leslie", "last_name": "Knope", "username": "leslie", "email": "leslie@parks.gov", "passwordhash": "$2b$12$JaNozlesgaF2jHO3pc5N3eLQc7Pt62QFqBMx.G.8AUOMoMCUV.0gu", "created_at": "2019-02-01T15:47:27.767Z", "updated_at": "2019-02-01T15:47:27.767Z", "colleges": []}}, {"model": "loginregister.user", "pk": 11, "fields": {"first_name": "Marco", "last_name": "Polo", "username": "marco", "email": "mp@gmail.com", "passwordhash": "$2b$12$oi7Ccoobmwh7TCI.r4OrBOgtra5BSfYQ4zpQ4WHvcFgTXMQn1WBSa", "created_at": "2019-02-05T23:06:47.936Z", "updated_at": "2019-02-05T23:06:47.937Z", "colleges": [2]}}, {"model": "loginregister.user", "pk": 12, "fields": {"first_name": "Stinky", "last_name": "P", "username": "stinky", "email": "sp@gmail.com", "passwordhash": "$2b$12$ZV.0Mukg.xekz6kzH3oTs.bQSZ4FU6LpTymvB2rbJSVU8dANFkRKu", "created_at": "2019-02-06T15:00:07.088Z", "updated_at": "2019-02-06T15:00:07.088Z", "colleges": [3]}}, {"model": "loginregister.user", "pk": 13, "fields": {"first_name": "Ozzie", "last_name": "Osborne", "username": "ozzie", "email": "oz@os.com", "passwordhash": "$2b$12$VipsRuPWKA2GlrTtkMX3heNlmMs1G5/CZI7tC6Nw8Zc/IS5nnmltG", "created_at": "2019-02-16T21:45:24.574Z", "updated_at": "2019-02-16T21:45:24.574Z", "colleges": [1]}}, {"model": "loginregister.permission", "pk": 40, "fields": {"dept": 1, "user": 3, "level": 5, "levelname": "Faculty"}}, {"model": "loginregister.permission", "pk": 41, "fields": {"dept": 1, "user": 5, "level": 8, "levelname": "Administrator"}}, {"model": "loginregister.permission", "pk": 45, "fields": {"dept": 1, "user": 1, "level": 10, "levelname": "God"}}, {"model": "loginregister.permission", "pk": 46, "fields": {"dept": 3, "user": 1, "level": 10, "levelname": "God"}}, {"model": "loginregister.permission", "pk": 47, "fields": {"dept": 5, "user": 1, "level": 10, "levelname": "God"}}, {"model": "loginregister.permission", "pk": 48, "fields": {"dept": 1, "user": 8, "level": 5, "levelname": "Faculty"}}, {"model": "loginregister.permission", "pk": 49, "fields": {"dept": 3, "user": 6, "level": 8, "levelname": "Administrator"}}, {"model": "loginregister.permission", "pk": 50, "fields": {"dept": 1, "user": 13, "level": 8, "levelname": "Administrator"}}, {"model": "sessions.session", "pk": "dsakpz4bru9m2ktz3s8qwslqqrlla5k8", "fields": {"session_data": "NTg0MDRjYjZlOTViOWI2YmE5MThkYzViMWJlZWY5ZjdmOGFlMjc5ZDp7fQ==", "expire_date": "2018-12-03T18:26:36.959Z"}}, {"model": "sessions.session", "pk": "hy788gc8yim2ylbr8rgaowem7im3ozem", "fields": {"session_data": "ZGU4YTUyYzcxY2JjNmZmNGU5OWI2YTNjZjE1YzU4ZDlkMjE1ZWY0Zjp7ImVycm9ycyI6e30sImxvZ2dlZGlkIjoxM30=", "expire_date": "2019-03-02T21:45:25.118Z"}}, {"model": "sessions.session", "pk": "iilnu3v8qn8mrzrts7w4dmyirw1bgpls", "fields": {"session_data": "NjJkZGMzZGI2MzNhMzZiY2FmZThlNjY1ZmRjYjc3NWU2N2Q0ZTAyOTp7ImVycm9ycyI6e30sImxvZ2dlZGlkIjoxLCJ0cmVxdGFibGVjb2xsZWdlaWQxIjoiMSIsInRyZXF0YWJsZWNvbGxlZ2VpZDIiOiIyIn0=", "expire_date": "2018-12-10T14:51:12.425Z"}}, {"model": "sessions.session", "pk": "qjnourrdyzb9w8my9s32f5bugeo6lcul", "fields": {"session_data": "MTZjODY5NmVjNTUxZmFlODZiYjI1ZTdjMDgxYmE1YzY1NmFjMzE4NDp7ImVycm9ycyI6e30sImxvZ2dlZGlkIjoxfQ==", "expire_date": "2018-12-26T01:37:32.349Z"}}, {"model": "sessions.session", "pk": "ryezi1dgedwkjqkcdfmukbdgggoxaxbr", "fields": {"session_data": "MTZjODY5NmVjNTUxZmFlODZiYjI1ZTdjMDgxYmE1YzY1NmFjMzE4NDp7ImVycm9ycyI6e30sImxvZ2dlZGlkIjoxfQ==", "expire_date": "2019-01-12T22:32:01.564Z"}}, {"model": "sessions.session", "pk": "xtq9m9su452y0ixgt0il0d48c6c37vw3", "fields": {"session_data": "MTZjODY5NmVjNTUxZmFlODZiYjI1ZTdjMDgxYmE1YzY1NmFjMzE4NDp7ImVycm9ycyI6e30sImxvZ2dlZGlkIjoxfQ==", "expire_date": "2019-02-19T21:16:44.941Z"}}]